id,lossyear,longitude,latitude
0,19.0,146.3853413367878,-42.615095548252015
1,19.0,146.4131891105955,-42.64923152904856
3,19.0,146.47337623463147,-43.085812757130654
7,19.0,146.39881606604956,-42.680672563992744
15,19.0,146.35569693241183,-42.65641805132151
19,19.0,146.37905312979893,-42.92142106013678
21,19.0,146.3314424197406,-43.13791504360958
23,19.0,145.62446829113856,-42.95196377979684
27,19.0,146.27844181797758,-42.962743563206274
29,19.0,146.30000138479642,-42.633960169218525
30,19.0,145.75472400733588,-42.91513285314794
31,19.0,146.36557840053715,-43.121745368495425
32,19.0,145.69004530687926,-42.3797369438127
33,19.0,146.40779921889077,-42.67079109586743
43,19.0,145.96852304495633,-42.89626823218143
46,19.0,146.3224592668994,-42.57736630631899
47,19.0,145.5759592657961,-42.646536583196195
51,19.0,146.29730643894408,-42.621383755240856
52,19.0,146.33503568087707,-42.455195427678746
55,19.0,145.58763736448964,-42.60880734126319
56,19.0,145.52206034874894,-42.327634657333775
57,19.0,146.25867888172695,-42.6186888093885
64,19.0,145.62985818284324,-42.78218219109824
67,19.0,146.40779921889077,-42.6968422391069
68,19.0,145.7187913959711,-42.820809748315384
72,19.0,146.29281486252347,-42.64024837620737
75,19.0,145.5211620334648,-42.72648664348284
77,19.0,145.7232829723917,-42.92052274485266
80,19.0,145.5615862212502,-42.61329891768378
90,19.0,146.32515421275178,-42.94387894223976
92,19.0,146.18232208257675,-43.06515150559589
93,19.0,145.64423122738918,-42.79386028979181
97,19.0,146.3808497603672,-42.691452347402176
98,19.0,145.53284013215836,-42.58634945916019
100,19.0,146.33773062672947,-42.62497701637733
102,19.0,146.469782973495,-43.051676776334105
103,19.0,145.7610122143247,-42.92142106013678
105,19.0,146.43385036213022,-43.16845776326964
106,19.0,145.61638345358148,-42.820809748315384
107,19.0,145.6253666064227,-42.82799627058834
109,19.0,146.48595264860916,-43.19630553707735
111,19.0,145.55170475312485,-42.65641805132151
112,19.0,145.70711329727754,-42.80014849678064
116,19.0,145.514873826476,-42.69774055439102
122,19.0,145.612790192445,-42.79026702865532
123,19.0,145.56967105880727,-42.6052140801267
126,19.0,146.0781175096189,-42.924116005989134
127,19.0,146.30000138479642,-42.49741624603236
129,19.0,146.39612112019722,-42.70941865308457
134,19.0,146.44013856911909,-43.155881349291974
135,19.0,146.3125777987741,-42.552213478363655
145,19.0,145.54272160028364,-42.614197232967896
149,19.0,145.52834855573775,-42.743554633881104
150,19.0,145.650519434378,-42.94387894223976
151,19.0,146.32605252803592,-42.55580673950013
152,19.0,146.37456155337833,-42.57467136046664
157,19.0,145.66579079420802,-42.775893984109416
163,19.0,146.2532889900222,-42.486636462622926
167,19.0,146.30898453763763,-42.58994272029667
170,19.0,145.71968971125523,-42.827097955304225
176,19.0,146.2164580633733,-42.467771841656415
178,19.0,145.58224747278496,-42.8306912164407
180,19.0,145.77628357415472,-42.831589531724816
181,19.0,146.30179801536468,-42.69774055439102
182,19.0,146.4886475944615,-43.18911901480439
183,19.0,145.80682629381482,-42.93848905053504
184,19.0,145.7295711793805,-42.91782779900029
186,19.0,145.57056937409135,-42.878301926499034
190,19.0,145.69453688329986,-42.812724910758305
192,19.0,146.4976307473027,-43.097490855824205
193,19.0,146.07632087905068,-42.92681095184149
195,19.0,146.43385036213022,-43.15138977287137
198,19.0,145.69184193744752,-42.66270625831035
199,19.0,146.29011991667113,-42.51448423643063
200,19.0,145.58584073392143,-42.628570277513816
202,19.0,146.41139248002725,-43.00676101212812
206,19.0,146.3035946459329,-42.45878868881522
209,19.0,145.56068790596606,-42.684265825129216
213,19.0,145.60111209375145,-42.84326763041838
216,19.0,146.3035946459329,-42.50011119188471
217,19.0,145.7017234055728,-42.82530132473599
218,19.0,146.4293587857096,-43.17025439383788
222,19.0,146.0655410956412,-42.65821468188976
224,19.0,146.37456155337833,-43.15857629514433
227,19.0,146.40510427303843,-42.691452347402176
229,19.0,146.33952725729768,-42.93759073525092
234,20.0,145.55799296011372,-42.75972430899526
235,19.0,146.11405012098368,-42.95735367150155
237,19.0,145.73496107108525,-42.909742961443214
242,19.0,145.5912306256261,-42.59353598143315
244,19.0,145.70711329727754,-42.90794633087498
248,19.0,146.28562834025053,-42.629468592797934
253,19.0,146.39342617434488,-43.00496438155989
255,19.0,145.5382300238631,-42.615095548252015
261,19.0,146.31437442934237,-42.501009507168845
263,19.0,145.5939255714785,-42.88908170990847
265,19.0,146.39073122849248,-42.66719783473096
268,19.0,146.4464267761079,-43.12354199906366
269,19.0,146.4140874258796,-42.66180794302623
270,19.0,146.45181666781264,-43.12533862963191
274,19.0,145.55799296011372,-42.61329891768378
275,19.0,145.78167346585946,-42.540535379670104
282,19.0,146.31347611405823,-42.58994272029667
283,19.0,146.32335758218352,-42.51178929057828
286,19.0,145.94696347813743,-42.216243562102946
287,19.0,146.28383170968226,-42.685164140413335
295,19.0,146.28742497081873,-42.52975559626066
301,19.0,146.25508562059048,-42.962743563206274
304,19.0,145.75202906148354,-42.92950589769384
308,19.0,146.26496708871576,-42.44711059012167
309,19.0,146.36288345468478,-42.71750349064165
310,19.0,146.37096829224186,-43.14599988116666
312,19.0,146.33503568087707,-42.50729771415767
315,19.0,146.3296457891724,-42.54682358665893
316,19.0,146.46079982065385,-43.047185199913514
317,19.0,145.612790192445,-42.96813345491098
318,19.0,146.30988285292176,-42.65731636660564
319,19.0,146.31167948348997,-42.673486041719784
323,19.0,145.5310435015901,-42.69504560853865
325,19.0,145.69902845972047,-42.834284477577185
329,19.0,146.4715796040633,-42.74085968802875
331,19.0,145.67926552346984,-42.783978821666494
332,19.0,146.35839187826417,-42.49202635432765
333,19.0,145.5256536098854,-42.68965571683394
335,19.0,146.08350740132363,-42.94657388809212
339,19.0,146.45271498309677,-42.67707930285627
343,19.0,146.02511690785587,-42.59892587313787
345,19.0,146.46708802764266,-43.136118413041345
347,19.0,146.2425092066128,-42.94926883394447
349,19.0,145.55350138369312,-42.93938736581916
352,19.0,145.54990812255664,-42.78038556053001
353,19.0,146.31796769047884,-42.64473995262796
354,19.0,146.29191654723934,-42.96004861735392
355,19.0,145.59662051733085,-42.86303056666901
356,19.0,146.3368323114453,-42.51178929057828
358,19.0,145.62446829113856,-42.81901311774715
363,19.0,146.2631704581475,-42.603417449558464
366,19.0,145.51307719590773,-42.73546979632404
372,19.0,145.72058802653936,-42.788470398087085
373,19.0,146.4131891105955,-42.63665511507088
375,19.0,145.55799296011372,-42.90345475445439
376,19.0,146.39073122849248,-42.51178929057828
380,19.0,146.08620234717597,-42.935794104682685
381,19.0,145.78975830341653,-42.94477725752388
382,19.0,146.26496708871576,-42.61958712467262
384,19.0,145.54990812255664,-42.63935006092325
392,19.0,145.74843580034707,-42.38243188966506
395,19.0,146.46439308179032,-43.07682960428946
396,19.0,146.29640812365994,-42.52256907398771
401,19.0,146.49493580145037,-43.09569422525597
409,19.0,146.31347611405823,-42.55760337006837
411,19.0,146.31976432104705,-42.64384163734384
417,19.0,145.5633828518184,-42.72289338234635
419,19.0,146.4742745499156,-43.08221949599417
423,19.0,146.2164580633733,-42.448907220689904
424,19.0,146.35569693241183,-42.26744753329777
425,19.0,145.5759592657961,-42.91962442956853
426,19.0,145.92181065018212,-43.00765932741224
433,19.0,145.61638345358148,-42.66989278058331
434,19.0,145.57865421164843,-42.94657388809212
438,19.0,146.10506696814247,-42.96903177019512
440,19.0,146.39342617434488,-43.12533862963191
441,19.0,146.31167948348997,-42.45699205824698
442,19.0,146.29730643894408,-42.44441564426931
444,19.0,145.5912306256261,-42.86303056666901
445,19.0,145.6172817688656,-42.66899446529919
447,19.0,146.33862894201354,-42.58724777444431
449,19.0,145.6972318291522,-42.77050409240469
452,19.0,146.4230705787208,-42.66899446529919
453,19.0,145.59572220204672,-42.743554633881104
454,19.0,146.27125529570458,-42.46867015694053
455,19.0,146.3359339961612,-42.603417449558464
460,19.0,146.26047551229516,-42.47855162506585
467,19.0,145.7637071601771,-42.84057268456601
468,19.0,145.6082986160244,-42.738164742176394
469,19.0,145.6487228038098,-42.82619964002011
476,19.0,146.26945866513637,-42.58634945916019
477,19.0,145.74574085449467,-42.93489578939857
481,19.0,145.64692617324152,-42.84506426098662
484,19.0,145.56967105880727,-42.648333213764445
486,19.0,145.7565206379041,-42.93309915883033
490,19.0,146.2910182319552,-42.576467991034875
491,19.0,146.31347611405823,-42.47046678750877
493,19.0,146.1652540921785,-43.05527003747058
494,19.0,146.41139248002725,-42.64384163734384
495,19.0,146.38354470621954,-42.672587726435665
498,19.0,145.71699476540283,-42.79026702865532
500,19.0,145.62446829113856,-42.73277485047167
501,19.0,145.55350138369312,-42.61689217882025
502,19.0,145.5490098072725,-42.97172671604747
506,19.0,146.29910306951228,-42.463280265235824
508,19.0,145.5022974124983,-42.672587726435665
510,19.0,146.2802384485458,-42.43273754557576
513,19.0,145.6172817688656,-42.730978219903434
515,19.0,146.49673243201858,-43.15857629514433
518,19.0,145.64782448852566,-42.768707461836456
519,19.0,145.63434975926384,-42.948370518660354
523,19.0,145.52655192516954,-42.680672563992744
528,19.0,145.59033231034198,-42.60072250370611
531,19.0,145.72058802653936,-42.91513285314794
533,19.0,146.4652913970744,-43.08491444184652
534,19.0,146.23891594547632,-42.44261901370107
541,19.0,145.76730042131356,-42.93938736581916
542,19.0,146.33503568087707,-42.680672563992744
545,19.0,146.37725649923073,-42.660909627742114
547,19.0,145.51936540289654,-42.704028761379845
549,19.0,146.4230705787208,-42.69414729325453
553,19.0,146.19939007297506,-42.501009507168845
554,19.0,145.55080643784072,-42.812724910758305
555,19.0,146.31347611405823,-42.45339879711051
561,19.0,146.19669512712267,-42.493822984895885
562,19.0,145.85623363444137,-42.75163947143818
569,19.0,146.25508562059048,-42.42824596915516
571,19.0,146.289221601387,-42.58006125217136
574,19.0,146.43115541627787,-43.167559447985525
582,19.0,145.5912306256261,-42.88728507934023
585,19.0,146.37545986866246,-42.930404212977976
586,19.0,145.58763736448964,-42.897166547465545
587,19.0,146.3530019865595,-42.51987412813534
588,19.0,146.4230705787208,-43.16845776326964
589,19.0,145.67746889290157,-42.795656920360045
590,19.0,146.22813616206685,-42.660909627742114
591,19.0,146.28203507911405,-42.602519134274345
592,19.0,145.567874428239,-42.60431576484258
593,19.0,146.31078116820584,-42.51448423643063
594,19.0,145.5912306256261,-42.77140240768881
596,19.0,146.48595264860916,-43.154983034007856
598,19.0,145.64423122738918,-43.008557642696374
601,19.0,146.48325770275682,-43.148694827019014
602,19.0,145.5615862212502,-42.89177665576083
603,19.0,146.2613738275793,-42.59443429671727
604,19.0,145.67028237062863,-42.90794633087498
607,19.0,145.55529801426133,-42.81002996490595
615,19.0,146.46708802764266,-43.155881349291974
617,19.0,146.4275621551414,-43.147796511734896
618,19.0,146.37096829224186,-42.58634945916019
621,19.0,145.73406275580112,-42.79386028979181
622,19.0,145.62356997585442,-42.99867617457106
624,19.0,146.3637817699689,-42.99238796758222
625,19.0,146.37725649923073,-42.59353598143315
628,19.0,145.5633828518184,-42.935794104682685
629,19.0,145.5615862212502,-42.70492707666397
631,19.0,146.34581546428657,-42.94747220337624
632,19.0,145.56428116710254,-42.93489578939857
636,19.0,145.69902845972047,-42.801046812064754
637,19.0,146.27754350269345,-42.63755343035501
638,19.0,146.36827334638951,-43.14689819645078
642,19.0,145.70890992784575,-42.3653638992668
643,19.0,146.4042059577543,-42.65012984433268
644,19.0,146.3997143813337,-42.57736630631899
646,19.0,145.60290872431966,-42.76511420069998
649,19.0,145.7610122143247,-42.91962442956853
650,19.0,146.3503070407071,-42.5818578827396
655,19.0,146.35210367127536,-42.9591503020698
660,19.0,146.31796769047884,-42.63935006092325
661,19.0,146.34851041013889,-42.588146089728426
664,19.0,146.43385036213022,-42.67528267228802
665,19.0,146.36468008525304,-42.698638869675136
666,19.0,145.612790192445,-42.94028568110329
672,19.0,145.57685758108022,-42.74894452558583
674,19.0,145.63255312869563,-42.83697942342954
677,19.0,146.19579681183853,-42.49292466961177
678,19.0,146.31437442934237,-42.513585921146515
680,19.0,145.7610122143247,-42.93309915883033
681,19.0,145.6487228038098,-42.945675572808
686,19.0,145.55350138369312,-42.72828327405108
688,19.0,146.32515421275178,-42.47136510279289
689,19.0,145.56248453653427,-42.935794104682685
690,19.0,146.3224592668994,-42.55490842421601
691,19.0,146.30539127650115,-42.66270625831035
692,19.0,145.5256536098854,-42.769605777120574
693,19.0,145.59841714789906,-42.84147099985013
695,19.0,146.27125529570458,-42.615095548252015
697,19.0,146.30988285292176,-42.58545114387607
698,19.0,145.64423122738918,-42.77948724524589
701,19.0,146.40510427303843,-43.00945595798049
703,19.0,145.9532516851263,-42.218938507955315
704,19.0,146.4140874258796,-43.09838917110832
708,19.0,146.33234073502473,-43.13971167417782
709,19.0,146.2470007830334,-42.429144284439275
712,19.0,146.38174807565133,-42.57377304518252
716,19.0,146.4131891105955,-43.01035427326461
718,19.0,146.20567827996388,-43.063354875027656
719,19.0,145.55350138369312,-42.94208231167153
724,19.0,146.4104941647431,-43.00316775099165
726,19.0,145.59751883261498,-42.63485848450264
736,19.0,146.32605252803592,-42.93220084354621
737,19.0,146.43834193855082,-43.10467737809715
740,19.0,146.2910182319552,-42.61599386353613
744,19.0,146.23711931490806,-42.45878868881522
746,19.0,145.68735036102692,-42.90345475445439
747,19.0,145.67746889290157,-42.7893687133712
752,19.0,145.5993154631832,-42.81452154132656
759,19.0,145.60560367017206,-42.93489578939857
760,19.0,145.6496211190939,-42.96364187849039
761,19.0,146.35569693241183,-42.628570277513816
767,19.0,145.5615862212502,-42.75163947143818
768,19.0,145.68375709989044,-42.79116534393944
773,19.0,146.36557840053715,-42.52885728097654
776,19.0,145.733164440517,-42.36805884511915
777,19.0,145.6550110107986,-43.01035427326461
778,19.0,146.4086975341749,-42.6968422391069
781,19.0,146.36288345468478,-42.53873874910185
787,19.0,146.244305837181,-42.455195427678746
788,19.0,146.28383170968226,-42.6510281596168
789,19.0,146.32425589746765,-42.66899446529919
791,19.0,146.36557840053715,-42.64563826791208
796,19.0,146.31527274462644,-42.61599386353613
797,19.0,146.4042059577543,-42.62497701637733
798,19.0,145.76011389904062,-42.93489578939857
801,19.0,145.54721317670425,-42.77948724524589
811,19.0,145.61548513829734,-42.73367316575579
813,19.0,146.3637817699689,-42.99777785928693
814,19.0,146.3404255725818,-42.47316173336114
816,19.0,145.59033231034198,-42.74894452558583
820,19.0,146.39342617434488,-42.58994272029667
823,19.0,146.39073122849248,-42.52346738927183
824,19.0,146.4185790023002,-43.00496438155989
826,19.0,145.54182328499957,-42.72469001291459
827,19.0,145.73855433222172,-42.90255643917027
831,19.0,145.75202906148354,-42.41027966347277
832,19.0,145.8167077619401,-42.82440300945187
835,20.0,146.13920294893904,-42.71570686007341
848,20.0,146.06464278035713,-42.5037044530212
871,20.0,146.05296468166358,-42.506399398873555
876,20.0,145.53284013215836,-42.94477725752388
877,20.0,146.12662653496136,-42.74714789501759
880,20.0,146.1275248502455,-42.74175800331287
887,20.0,146.0655410956412,-42.680672563992744
891,20.0,146.0655410956412,-42.68965571683394
927,20.0,145.58404410335316,-42.60431576484258
928,20.0,146.1059652834266,-42.211751985682355
950,20.0,145.51577214176007,-42.775893984109416
953,20.0,145.55799296011372,-42.61689217882025
996,20.0,146.11315180569954,-42.71031696836869
1006,20.0,145.68735036102692,-42.74085968802875
1012,20.0,146.05296468166358,-42.65012984433268
1016,20.0,146.1230332738249,-42.73726642689227
1018,20.0,146.05745625808413,-42.67797761814039
1020,20.0,146.06194783450474,-42.684265825129216
1074,20.0,145.5993154631832,-42.63935006092325
1080,20.0,146.0682360414936,-42.68875740154982
1081,20.0,146.38623965207188,-42.269244163866006
1084,20.0,145.56697611295488,-42.60162081899023
1092,20.0,145.56967105880727,-42.59263766614903
1095,20.0,145.60470535488793,-42.63216353865029
1105,20.0,146.07093098734595,-42.65282479018504
1125,20.0,146.0547613122318,-42.680672563992744
1128,20.0,146.04757478995884,-42.50999266001003
1130,20.0,146.1041686528584,-42.69414729325453
1131,20.0,146.1320164266661,-42.72828327405108
1148,20.0,146.11854169740428,-42.70223213081161
1211,20.0,145.5894339950579,-42.596230927285504
1218,20.0,146.101473707006,-42.20276883284116
1231,20.0,146.0448798441065,-42.51178929057828
1246,20.0,146.16076251575788,-42.77948724524589
1247,20.0,146.33234073502473,-42.25307448875185
1252,20.0,146.1104568598472,-42.72738495876696
1255,20.0,145.68465541517455,-42.738164742176394
1267,20.0,145.55978959068193,-42.590841035580794
1292,20.0,146.11854169740428,-42.72109675177812
1299,20.0,145.68645204574278,-42.73906305746051
1354,20.0,146.10237202229013,-42.20905703983
1369,20.0,146.05026973581118,-42.50550108358944
1372,20.0,146.46708802764266,-42.67528267228802
1384,20.0,146.05835457336826,-42.70492707666397
1391,20.0,145.68914699159512,-42.74175800331287
1392,20.0,146.1338130572343,-42.75163947143818
1431,19.0,145.55080643784072,-42.74445294916522
1436,20.0,145.61638345358148,-42.64024837620737
1442,20.0,145.6100952465926,-42.63216353865029
1443,20.0,146.08530403189184,-42.67618098757214
1446,20.0,146.146389471212,-42.80194512734887
1455,20.0,146.1275248502455,-42.75613104785879
1463,20.0,145.68196046932218,-42.74894452558583
1494,20.0,145.6226716605703,-42.653723105469155
1496,20.0,146.14728778649612,-42.82619964002011
1506,20.0,146.13111811138197,-42.73457148103991
1515,20.0,146.14818610178023,-42.82889458587246
1518,20.0,145.56248453653427,-42.610603971831424
1545,20.0,146.04398152882237,-42.518975812851224
1548,19.0,145.57685758108022,-42.88279350291964
1552,20.0,146.05565962751592,-42.646536583196195
1555,20.0,146.06015120393653,-42.6968422391069
1579,20.0,146.08530403189184,-42.68157087927686
1598,20.0,146.15177936291673,-42.79745355092828
1609,20.0,145.97121799080867,-42.60072250370611
1643,20.0,145.6460278579574,-42.85943730553252
1651,20.0,146.05655794280003,-42.513585921146515
1661,20.0,146.11854169740428,-42.71750349064165
1709,21.0,145.9766078825134,-42.764215885415865
1787,21.0,146.4509183525285,-42.26115932630893
1793,21.0,145.97930282836575,-42.769605777120574
1815,21.0,146.45002003724437,-42.26565090272952
1833,21.0,146.4724779193474,-42.58904440501256
1839,21.0,146.44822340667616,-42.26115932630893
1897,21.0,146.05835457336826,-42.5126876058624
1929,21.0,146.34312051843415,-43.04628688462938
1942,21.0,146.07632087905068,-42.49292466961177
1977,21.0,145.98379440478635,-42.77319903825705
1994,21.0,146.10057539172192,-42.211751985682355
2049,21.0,145.68824867631105,-42.74445294916522
2063,21.0,146.05386299694766,-42.51178929057828
2086,19.0,146.47068128877913,-42.68157087927686
2138,21.0,146.34671377957062,-43.04269362349291
2278,21.0,146.46259645122203,-42.25936269574069
2293,21.0,146.0592528886524,-42.51178929057828
2295,21.0,146.36647671582125,-42.24768459704714
2344,21.0,146.4958341167345,-42.39321167307449
2433,21.0,145.981099458934,-42.75523273257467
2442,20.0,145.69184193744752,-42.76062262427938
2496,21.0,145.66848574006042,-42.738164742176394
2506,22.0,146.49224085559803,-42.58634945916019
2536,22.0,146.2847300249664,-42.21983682323943
2541,22.0,145.81311450080364,-42.87201371951021
2576,22.0,145.80952123966716,-42.86842045837372
2582,23.0,145.80053808682595,-42.87740361121491
2589,22.0,146.4554099289491,-42.60701071069494
2614,23.0,145.8661151025667,-42.87201371951021
2650,22.0,145.9065392903521,-42.63755343035501
2669,22.0,145.98559103535462,-43.00765932741224
2689,22.0,146.30179801536468,-42.23331155250122
2692,22.0,146.45361329838084,-42.6052140801267
2715,22.0,145.8975561375109,-42.633960169218525
2742,22.0,145.96133652268338,-42.99957448985518
2782,22.0,146.38444302150367,-42.908844646159096
2789,22.0,145.95953989211512,-42.42734765387104
2799,22.0,146.45900319008558,-42.26744753329777
2895,22.0,145.98379440478635,-42.40758471762041
2936,22.0,146.4679863429268,-42.48753477790704
3004,22.0,145.81131787023543,-42.86931877365784
3041,22.0,146.46708802764266,-42.48483983205469
3048,22.0,145.91462412790918,-42.64294332205972
3076,23.0,145.91731907376152,-42.6420450067756
3082,22.0,145.96492978381983,-43.000472805139296
3096,22.0,145.97121799080867,-43.01933742610581
3111,22.0,145.90474265978384,-42.633960169218525
3130,22.0,145.8211993383607,-42.87920024178315
3133,22.0,145.9164207584774,-42.641146691491485
3140,22.0,146.39073122849248,-42.908844646159096
3177,22.0,145.91103086677265,-42.62407870109321
3188,22.0,145.8993527680791,-42.633960169218525
3228,22.0,145.81580944665598,-42.871115404226074
3260,22.0,146.28562834025053,-42.21983682323943
3299,22.0,145.85803026500963,-42.88908170990847
3305,22.0,145.97570956722927,-43.0148458496852
3337,23.0,145.94965842398983,-42.84506426098662
3339,23.0,145.80143640211008,-42.8675221430896
3350,23.0,145.52206034874894,-42.62407870109321
3352,23.0,145.80862292438303,-42.865725512521365
3354,23.0,145.52745024045362,-42.58994272029667
3357,23.0,146.4787661263362,-43.01754079553755
3358,23.0,145.97031967552454,-43.01843911082169
3359,24.0,145.9442685322851,-42.819911433031265
3360,23.0,145.79874145625774,-42.872912034794325
3362,23.0,145.5400266544313,-42.55490842421601
3363,23.0,145.9442685322851,-42.84506426098662
3365,23.0,145.57146768937548,-42.56209494648897
3369,23.0,145.60560367017206,-42.58455282859195
3370,23.0,146.11674506683602,-42.65641805132151
3375,23.0,145.9487601087057,-42.85494572911193
3376,23.0,145.5103822500554,-42.56478989234133
3379,23.0,145.98469272007048,-42.99777785928693
3380,23.0,145.73046949466465,-42.73457148103991
3381,23.0,145.5660777976708,-42.55041684779542
3382,23.0,146.1320164266661,-42.6420450067756
3383,23.0,145.60111209375145,-42.571078099330165
3384,22.0,145.9739129366611,-42.421957762166315
3387,23.0,145.6020104090356,-42.590841035580794
3389,23.0,145.94786179342157,-42.85764067496429
3391,23.0,145.96672641438806,-42.84506426098662
3392,23.0,145.5588912753978,-42.571078099330165
3395,23.0,145.51577214176007,-42.60880734126319
3396,23.0,145.57056937409135,-42.56568820762544
3400,23.0,146.45990150536971,-42.61329891768378
3409,23.0,145.85353868858903,-42.85584404439605
3413,23.0,145.51846708761246,-42.63126522336617
3414,23.0,145.94247190171683,-42.82799627058834
3421,23.0,145.97121799080867,-42.85494572911193
3424,23.0,145.82838586063366,-43.19630553707735
3425,23.0,146.39073122849248,-42.90704801559086
3426,23.0,145.98199777421814,-42.409381348188646
3432,23.0,145.54272160028364,-42.596230927285504
3434,23.0,145.51397551119186,-42.57736630631899
3435,23.0,145.96852304495633,-43.02113405667404
3438,23.0,145.56428116710254,-42.58724777444431
3443,23.0,145.7187913959711,-42.738164742176394
3448,23.0,145.80233471739422,-43.19810216764559
3449,22.0,145.80952123966716,-42.853149098543696
3452,23.0,145.96942136024046,-42.86662382780548
3457,23.0,145.85174205802076,-42.878301926499034
3459,23.0,146.16705072274675,-42.9133362225797
3466,23.0,145.522958664033,-42.63036690808205
3469,23.0,145.60919693130853,-42.58455282859195
3472,23.0,145.57326431994375,-42.56568820762544
3478,23.0,145.53733170857896,-42.607909025979055
3481,23.0,146.38623965207188,-42.90794633087498
3487,23.0,145.52834855573775,-42.556705054784246
3488,23.0,145.98738766592282,-42.41117797875688
3493,23.0,145.83467406762253,-42.853149098543696
3500,24.0,146.4634947665062,-42.35997400756207
3504,23.0,145.59302725619438,-42.57197641461429
3505,23.0,145.50319572778238,-42.626773646945566
3507,23.0,145.5256536098854,-42.61150228711554
3508,23.0,145.8391656440431,-42.87470866536256
3509,23.0,145.53643339329483,-42.57736630631899
3515,23.0,145.52206034874894,-42.615095548252015
3516,23.0,146.14279621007552,-42.63485848450264
3517,23.0,145.514873826476,-42.5683831534778
3519,23.0,145.51756877232833,-42.556705054784246
3523,23.0,145.57326431994375,-42.571078099330165
3525,23.0,145.51756877232833,-42.6186888093885
3528,23.0,145.93887864058036,-42.82979290115658
3530,23.0,145.53014518630602,-42.556705054784246
3536,23.0,145.5166704570442,-42.63755343035501
3542,23.0,145.5445182308519,-42.58275619802371
3544,23.0,146.11854169740428,-42.660011312458
3545,23.0,145.57056937409135,-42.54592527137481
3549,23.0,145.522958664033,-42.64563826791208
3550,23.0,145.507687304203,-42.571078099330165
3554,23.0,145.73406275580112,-42.73277485047167
3557,23.0,145.51936540289654,-42.63755343035501
3561,23.0,145.54541654613604,-42.55850168535248
3567,23.0,145.57865421164843,-42.552213478363655
3568,23.0,145.60470535488793,-42.56029831592073
3571,23.0,145.6020104090356,-42.57556967575076
3573,23.0,145.51846708761246,-42.58545114387607
3576,23.0,145.94337021700096,-42.84057268456601
3578,23.0,145.5256536098854,-42.55401010893189
3579,23.0,146.11405012098368,-42.679774248708625
3586,23.0,145.79604651040535,-43.19989879821382
3590,23.0,145.8571319497255,-42.88189518763552
3595,23.0,145.5993154631832,-42.58545114387607
3596,23.0,145.82569091478132,-42.871115404226074
3597,23.0,145.94247190171683,-42.834284477577185
3612,23.0,145.53463676272662,-42.58006125217136
3615,23.0,145.8571319497255,-42.86123393610076
3618,23.0,145.96672641438806,-42.82979290115658
3626,19.0,145.93887864058036,-42.81452154132656
3627,23.0,145.50139909721418,-42.58634945916019
3629,23.0,145.94965842398983,-42.85584404439605
3631,23.0,145.52475529460128,-42.596230927285504
3633,23.0,145.57056937409135,-42.56119663120485
3639,23.0,146.16884735331496,-42.615095548252015
3641,23.0,145.55170475312485,-42.55401010893189
3643,23.0,145.97570956722927,-43.00676101212812
3647,23.0,145.96942136024046,-43.01035427326461
3650,23.0,145.567874428239,-42.58455282859195
3651,23.0,145.507687304203,-42.603417449558464
3653,23.0,145.84635216631608,-42.88818339462435
3656,23.0,145.5867390492055,-42.58634945916019
3665,23.0,145.8481487968843,-42.86392888195313
3667,23.0,145.52834855573775,-42.571078099330165
3670,23.0,145.57416263522788,-42.57017978404605
3672,23.0,145.84635216631608,-42.87201371951021
3673,23.0,145.84994542745255,-42.88459013348787
3674,23.0,145.71968971125523,-42.74085968802875
3678,23.0,145.6100952465926,-42.57736630631899
3679,23.0,145.8400639593272,-42.86213225138489
3686,23.0,145.98469272007048,-43.00676101212812
3692,23.0,145.50499235835065,-42.59173935086491
3693,23.0,145.83467406762253,-42.86842045837372
3696,23.0,145.60919693130853,-42.590841035580794
3698,23.0,145.75562232262,-42.71570686007341
3700,23.0,146.2568822511587,-42.79386028979181
3701,23.0,145.77269031301824,-42.725588328198725
3703,23.0,145.75023243091528,-42.73636811160816
3705,23.0,145.56068790596606,-42.5594000006366
3706,23.0,145.83736901347487,-42.85494572911193
3708,23.0,145.9316921183074,-42.82799627058834
3709,23.0,145.54631486142017,-42.57916293688724
3711,23.0,145.50948393477125,-42.59802755785374
3716,23.0,146.11764338212015,-42.63216353865029
3718,23.0,145.82299596892898,-42.846860891554854
3721,23.0,145.86701341785084,-42.8765052959308
3725,23.0,145.55619632954546,-42.56748483819368
3734,23.0,145.52655192516954,-42.56478989234133
3736,23.0,145.55978959068193,-42.544128640806576
3738,23.0,146.11584675155194,-42.65821468188976
3739,23.0,146.16345746161028,-42.61599386353613
3741,23.0,145.81131787023543,-43.19720385236147
3742,23.0,145.60290872431966,-42.58724777444431
3748,23.0,145.55260306840898,-42.552213478363655
3757,23.0,145.5660777976708,-42.56748483819368
3758,23.0,145.83108080648606,-42.87381035007844
3763,23.0,146.40779921889077,-42.8998614933179
3764,23.0,146.14728778649612,-42.6420450067756
3770,23.0,145.56428116710254,-42.58455282859195
3773,23.0,145.57056937409135,-42.5728747298984
3776,23.0,145.5894339950579,-42.58634945916019
3785,23.0,146.45630824423324,-42.3339228643226
3794,23.0,145.82838586063366,-42.86662382780548
3799,23.0,146.15627093933728,-42.64563826791208
3803,23.0,146.26676371928403,-42.80284344263299
3804,23.0,145.82389428421305,-42.87470866536256
3806,23.0,146.1697456685991,-42.91782779900029
3807,23.0,145.94247190171683,-42.84865752212309
3816,23.0,145.5759592657961,-42.556705054784246
3819,23.0,145.52745024045362,-42.58634945916019
3820,23.0,145.54361991556777,-42.58095956745548
3821,23.0,146.36917166167365,-42.909742961443214
3822,23.0,145.97031967552454,-42.865725512521365
3825,23.0,146.4787661263362,-42.64294332205972
3829,23.0,146.14010126422318,-42.63575679978676
3834,23.0,145.5400266544313,-42.58724777444431
3835,23.0,145.83736901347487,-42.86392888195313
3842,23.0,145.6082986160244,-42.576467991034875
3846,23.0,145.9487601087057,-42.83608110814542
3853,23.0,145.5103822500554,-42.58455282859195
3854,23.0,145.84096227461134,-43.19630553707735
3855,23.0,145.50948393477125,-42.58455282859195
3863,22.0,145.80143640211008,-42.88009855706727
3867,23.0,145.50858561948712,-42.61329891768378
3878,23.0,145.84455553574782,-42.86033562081664
3883,23.0,145.86252184143024,-42.8765052959308
3884,23.0,145.56877274352314,-42.54592527137481
3885,23.0,145.52745024045362,-42.544128640806576
3891,23.0,145.82658923006545,-42.86931877365784
3892,23.0,145.514873826476,-42.6186888093885
3896,19.0,145.53284013215836,-42.56299326177309
3904,23.0,145.5022974124983,-42.59443429671727
3905,23.0,145.94337021700096,-42.834284477577185
3906,23.0,145.60111209375145,-42.583654513307835
3911,23.0,145.57056937409135,-42.56658652290956
3914,23.0,145.52026371818067,-42.63665511507088
3915,23.0,145.52745024045362,-42.57736630631899
3916,23.0,145.85803026500963,-42.87740361121491
3918,23.0,145.5445182308519,-42.55580673950013
3923,23.0,145.84635216631608,-42.85674235968017
3925,23.0,145.93708201001215,-42.84057268456601
3927,23.0,145.81401281608777,-42.85584404439605
3930,23.0,146.12033832797255,-42.63306185393441
3937,23.0,145.53733170857896,-42.58275619802371
3939,23.0,146.39162954377662,-42.908844646159096
3940,23.0,145.57146768937548,-42.545026956090695
3948,23.0,145.52745024045362,-42.583654513307835
3952,23.0,145.95415000041044,-42.86033562081664
3954,23.0,145.53284013215836,-42.59353598143315
3956,22.0,145.9083359209203,-42.63755343035501
3958,23.0,145.83108080648606,-42.851352467975445
3965,23.0,145.96133652268338,-42.83697942342954
3969,23.0,146.1149484362678,-42.63216353865029
3970,23.0,146.13021979609783,-42.64473995262796
3971,23.0,145.5121788806236,-42.621383755240856
3974,23.0,145.84186058989548,-42.85674235968017
3978,23.0,145.96133652268338,-42.87021708894195
3986,23.0,145.56967105880727,-42.5728747298984
3988,23.0,145.59302725619438,-42.56928146876193
3989,23.0,145.73585938636938,-42.7291815893352
3992,23.0,145.5804508422167,-42.54772190194305
3995,23.0,145.95684494626278,-42.43183923029163
4000,23.0,145.59482388676258,-42.58904440501256
4004,23.0,145.53912833914717,-42.540535379670104
4006,23.0,146.49044422502976,-43.02203237195816
4010,23.0,146.40240932718604,-42.90614970030674
4017,23.0,145.51128056533946,-42.60611239541082
4021,23.0,145.59662051733085,-42.57826462160311
4025,23.0,145.8481487968843,-42.88189518763552
4026,23.0,145.514873826476,-42.60880734126319
4034,23.0,145.86791173313492,-42.872912034794325
4036,23.0,145.8122161855195,-43.194508906509114
4038,23.0,145.507687304203,-42.57736630631899
4039,23.0,145.59482388676258,-42.57017978404605
4041,23.0,145.54811149198838,-42.57017978404605
4043,23.0,145.52475529460128,-42.607909025979055
4044,23.0,145.8211993383607,-42.871115404226074
4046,23.0,145.55978959068193,-42.54143369495422
4047,23.0,145.55978959068193,-42.56928146876193
4049,23.0,146.29640812365994,-42.23510818306946
4050,23.0,146.46708802764266,-42.53424717268126
4051,23.0,145.95145505455804,-42.84057268456601
4053,23.0,146.4679863429268,-42.533348857397144
4058,23.0,145.52924687102188,-42.61599386353613
4060,23.0,145.5400266544313,-42.55760337006837
4061,23.0,145.85443700387316,-42.878301926499034
4064,23.0,145.50319572778238,-42.57197641461429
4068,23.0,145.54541654613604,-42.545026956090695
4069,23.0,145.51307719590773,-42.59353598143315
4071,23.0,145.612790192445,-42.57197641461429
4073,23.0,145.59212894091024,-42.57197641461429
4074,24.0,146.11135517513134,-42.628570277513816
4080,23.0,145.60740030074027,-42.576467991034875
4083,23.0,145.5211620334648,-42.55760337006837
4084,23.0,145.86072521086197,-42.88279350291964
4086,23.0,145.96492978381983,-42.82799627058834
4090,23.0,145.51846708761246,-42.56658652290956
4092,23.0,145.5166704570442,-42.55311179364777
4093,23.0,145.8292841759178,-42.86482719723725
4097,23.0,145.52026371818067,-42.58095956745548
4100,23.0,145.84904711216842,-42.85943730553252
4101,23.0,145.98199777421814,-42.41836450102984
4104,23.0,146.12123664325662,-42.66989278058331
4105,23.0,145.53463676272662,-42.54143369495422
4107,23.0,145.82838586063366,-42.87920024178315
4109,23.0,145.51577214176007,-42.58455282859195
4113,23.0,145.50589067363478,-42.56928146876193
4115,23.0,145.55439969897725,-42.57736630631899
4116,23.0,146.48505433332502,-43.02113405667404
4117,23.0,145.73046949466465,-42.723791697630475
4121,23.0,145.96672641438806,-42.8675221430896
4125,23.0,145.51307719590773,-42.595332612001386
4128,23.0,145.981099458934,-42.99867617457106
4130,23.0,145.9721163060928,-42.83608110814542
4135,23.0,145.55529801426133,-42.57826462160311
4136,23.0,145.50409404306652,-42.59173935086491
4138,23.0,145.59302725619438,-42.58724777444431
4139,23.0,145.96852304495633,-42.84775920683897
4145,23.0,146.46079982065385,-42.53514548796538
4149,23.0,145.56697611295488,-42.563891577057205
4151,23.0,145.51128056533946,-42.6052140801267
4153,23.0,145.5067889889189,-42.62318038580909
4156,23.0,145.50319572778238,-42.610603971831424
4168,23.0,145.96942136024046,-43.00316775099165
4179,24.0,146.39073122849248,-42.289007100116635
4211,24.0,145.95864157683098,-42.86662382780548
4213,24.0,145.96133652268338,-42.86033562081664
4236,24.0,146.4140874258796,-42.854047413827814
4243,24.0,145.94516684756923,-42.84775920683897
4261,24.0,146.48056275690448,-42.6833675098451
4338,24.0,146.15896588518967,-42.61779049410437
4422,24.0,146.47517286519974,-42.63935006092325
4425,24.0,146.48595264860916,-42.988794706445745
4432,24.0,145.9227089654662,-42.71930012120988
4433,24.0,145.92181065018212,-42.720198436494
4439,24.0,146.48415601804095,-42.63845174563913
4451,23.0,145.9298954877392,-42.827097955304225
4550,24.0,146.4787661263362,-42.61240060239966
4553,24.0,146.47966444162034,-42.67797761814039
4594,24.0,146.16076251575788,-42.615095548252015
4611,24.0,145.89396287637442,-42.27193910971836
4622,24.0,146.45451161366498,-42.62318038580909
4667,24.0,146.4554099289491,-42.62318038580909
4684,24.0,146.48505433332502,-42.68246919456098
4704,24.0,146.4554099289491,-42.61599386353613
4735,24.0,145.92899717245507,-42.706723707232214
4737,24.0,146.46618971235853,-42.68875740154982
4753,24.0,145.9227089654662,-42.692350662686295
4769,24.0,145.92360728075033,-42.70492707666397
4790,24.0,146.47337623463147,-42.63845174563913
4800,24.0,145.96043820739925,-42.86931877365784
4801,24.0,145.92450559603446,-42.718401805925765
4814,24.0,146.45271498309677,-42.24858291233126
4844,24.0,146.4509183525285,-42.61779049410437
4899,24.0,146.4742745499156,-42.63036690808205
4943,23.0,146.09877876115365,-42.622282070524975
4975,24.0,146.289221601387,-42.2279216607965
4984,24.0,146.4086975341749,-42.85494572911193
