id,year,longitude,latitude
705,2019,147.98434254252055,-40.965788686608576
36,2019,146.6853786416837,-43.15767797986021
356,2019,146.3368323114453,-42.51178929057828
535,2019,145.26604049277483,-41.79583200913501
741,2019,146.5757841770211,-43.12084705321131
653,2019,146.53266504338336,-43.225949941453294
42,2019,146.7446674504356,-43.17384765497437
423,2019,146.2164580633733,-42.448907220689904
2086,2019,146.47068128877913,-42.68157087927686
603,2019,146.2613738275793,-42.59443429671727
506,2019,146.29910306951228,-42.463280265235824
422,2019,146.70514157793434,-43.128931890768385
193,2019,146.07632087905068,-42.92681095184149
816,2019,145.59033231034198,-42.74894452558583
72,2019,146.29281486252347,-42.64024837620737
88,2019,146.61351341895414,-41.86500228601221
80,2019,145.5615862212502,-42.61329891768378
477,2019,145.74574085449467,-42.93489578939857
215,2019,146.9000759945883,-42.858538990248405
449,2019,145.6972318291522,-42.77050409240469
709,2019,146.2470007830334,-42.429144284439275
485,2019,145.3504821294821,-41.77966233402087
546,2019,146.56230944775933,-42.09856425988329
71,2019,146.4886475944615,-41.96471528254948
60,2019,146.7464640810038,-43.0606599291753
278,2019,146.71053146963902,-43.04898183048175
92,2019,146.18232208257675,-43.06515150559589
585,2019,146.37545986866246,-42.930404212977976
474,2019,146.49673243201858,-42.02849566772197
1188,2019,147.9681728674064,-42.13539518653219
409,2019,146.31347611405823,-42.55760337006837
341,2019,146.59015722156704,-41.95213886857181
552,2019,146.65214097617127,-41.98178327294775
694,2019,146.88929621117882,-43.064253190311774
1431,2019,145.55080643784072,-42.74445294916522
524,2019,146.35659524769596,-41.49489638895497
703,2019,145.9532516851263,-42.218938507955315
676,2019,146.8596518068029,-43.19091564537263
390,2019,146.5191903141216,-42.02939398300609
11,2019,145.81311450080364,-41.500286280659694
126,2019,146.0781175096189,-42.924116005989134
500,2019,145.62446829113856,-42.73277485047167
680,2019,145.7610122143247,-42.93309915883033
182,2019,146.4886475944615,-43.18911901480439
480,2019,146.60722521196533,-41.89823995152464
405,2019,146.80485457447162,-43.04538856934526
616,2019,147.9169688962116,-41.50837111821677
602,2019,145.5615862212502,-42.89177665576083
527,2019,146.66381907486482,-41.88386690697872
293,2019,146.51110547656452,-41.994359686925435
418,2019,146.58656396043057,-41.90362984322935
424,2019,146.35569693241183,-42.26744753329777
249,2019,146.65663255259187,-41.8919517445358
269,2019,146.4140874258796,-42.66180794302623
287,2019,146.28383170968226,-42.685164140413335
316,2019,146.46079982065385,-43.047185199913514
143,2019,146.5254785211104,-43.225949941453294
175,2019,146.7123281002073,-41.875782069421646
682,2019,146.5614111324752,-43.253797715261
547,2019,145.51936540289654,-42.704028761379845
635,2019,145.06841113026854,-41.60538916890168
112,2019,145.70711329727754,-42.80014849678064
697,2019,146.30988285292176,-42.58545114387607
577,2019,146.62698814821596,-43.12533862963191
629,2019,145.5615862212502,-42.70492707666397
643,2019,146.4042059577543,-42.65012984433268
250,2019,146.8192276190175,-42.17132779789698
69,2019,145.3971945242563,-41.20024897576377
731,2019,146.5021223237233,-43.07323634315297
87,2019,146.65842918316014,-42.05814007209791
54,2019,145.27861690675252,-41.79762863970325
403,2019,145.47714458454294,-42.653723105469155
141,2019,146.65034434560306,-42.05454681096144
493,2019,146.1652540921785,-43.05527003747058
117,2019,146.84977033867756,-43.056168352754696
561,2019,146.19669512712267,-42.493822984895885
345,2019,146.46708802764266,-43.136118413041345
25,2019,146.514698737701,-43.15408471872374
185,2019,146.48415601804095,-42.04736028868848
3021,2019,145.38551642556274,-41.994359686925435
100,2019,146.33773062672947,-42.62497701637733
636,2019,145.69902845972047,-42.801046812064754
779,2019,146.88570295004234,-42.199175571704686
400,2019,146.61980162594296,-42.08958110704209
3896,2019,145.53284013215836,-42.56299326177309
317,2019,145.612790192445,-42.96813345491098
391,2019,146.50302063900745,-43.085812757130654
407,2019,146.51200379184866,-41.915307941922904
419,2019,146.4742745499156,-43.08221949599417
32,2019,145.69004530687926,-42.3797369438127
708,2019,146.33234073502473,-43.13971167417782
790,2019,146.54524145736104,-42.08958110704209
495,2019,146.38354470621954,-42.672587726435665
3191,2019,146.79946468276688,-43.15857629514433
534,2019,146.23891594547632,-42.44261901370107
303,2019,146.6979550556614,-42.00783441618722
436,2019,145.49600920550944,-42.71660517535753
157,2019,145.66579079420802,-42.775893984109416
204,2019,145.40258441596103,-41.728458362826046
1191,2020,148.1720904369015,-41.16611299496723
1197,2020,145.0172071590737,-41.52723573918328
1442,2020,145.6100952465926,-42.63216353865029
1120,2020,146.67998874997895,-42.390516727222135
1391,2020,145.68914699159512,-42.74175800331287
1298,2020,144.80610306730568,-41.0178909730875
1660,2020,145.2723286997637,-42.45070385125814
1432,2020,147.8316289442202,-41.56496498111629
1626,2020,148.00230884820292,-41.66377966236945
948,2020,145.76280884489296,-41.79493369385089
938,2020,145.2741253303319,-40.999924667405125
1384,2020,146.05835457336826,-42.70492707666397
1284,2020,147.04560307061564,-42.58095956745548
1054,2020,144.92647731537767,-40.95141564206267
1098,2020,145.0378684106085,-41.54250709901331
916,2020,146.58117406872583,-42.31505824335609
1087,2020,147.7983912787078,-41.56676161168454
1101,2020,146.8057528897557,-43.50173273367798
1032,2020,145.00373242981198,-41.48681155139789
973,2020,145.36305854345977,-41.99795294806191
1376,2020,146.79856636748275,-43.43974897907374
1211,2020,145.5894339950579,-42.596230927285504
1350,2020,147.89900259052916,-41.5838296020828
1623,2020,146.53086841281515,-42.518077497567106
1491,2020,145.59212894091024,-41.08885788053296
1139,2020,144.91120595554764,-40.68192105682681
1269,2020,147.2234694968713,-41.299961972301034
930,2020,147.8783413389944,-41.58293128679868
1586,2020,144.9058160638429,-40.71336209177099
1531,2020,144.94983351276477,-41.54160878372919
2103,2020,147.30431787244203,-41.229893380139714
1007,2020,147.01865361209207,-42.56119663120485
1008,2020,145.1672258115217,-40.8795504193331
926,2020,148.00500379405526,-41.65569482481237
1636,2020,147.87384976257383,-41.569456557536896
845,2020,145.28939669016194,-41.748221299076675
1664,2020,148.05890271110246,-41.28109735133452
1565,2020,147.84151041234554,-41.538015522592715
1488,2020,144.89683291100175,-40.71965029875983
870,2020,146.93151702953247,-43.06515150559589
1058,2020,146.79317647577807,-41.403268229974785
1277,2020,147.02224687322854,-42.603417449558464
1400,2020,147.77413676603658,-41.58113465623045
1603,2020,146.73837924344673,-42.9780149230363
986,2020,147.8999009058133,-41.58023634094633
905,2020,147.88642617655148,-41.57933802566221
1259,2020,147.92595204905274,-41.88117196112637
1438,2020,148.00680042462352,-41.705102165438944
1463,2020,145.68196046932218,-42.74894452558583
932,2020,145.01181726736905,-41.49579470423909
2131,2020,148.20083652599334,-41.32780974610874
933,2020,147.78671318001426,-41.59999927719696
1643,2020,145.6460278579574,-42.85943730553252
1292,2020,146.11854169740428,-42.72109675177812
1349,2020,145.3127528875491,-42.0159192537443
1650,2020,144.95252845861717,-41.02777244121282
1185,2020,148.11549657400195,-41.67994933748359
1040,2020,145.32622761681083,-42.00513947033487
989,2020,147.9681728674064,-41.86769723186458
834,2020,147.42828538165054,-41.106824186215334
1041,2020,145.2489725023766,-42.47316173336114
1067,2020,145.30287141942375,-42.44261901370107
2151,2020,148.19903989542507,-41.32960637667698
1178,2020,148.00320716348705,-41.71498363356426
1299,2020,145.68645204574278,-42.73906305746051
911,2020,145.00732569094845,-41.52184584747856
1005,2020,147.59537202449678,-41.22180854258264
869,2020,146.54074988094044,-42.383330204949175
922,2020,148.21520957053923,-41.97729169652716
1203,2020,148.05351281939772,-41.68354259862008
1595,2020,144.88874807344467,-40.70437893892979
886,2020,145.57955252693256,-41.094247772237665
924,2020,146.552427979634,-42.39141504250625
1263,2020,145.00552906038018,-41.511964379353245
1066,2020,145.03158020361968,-41.52094753219444
1631,2020,147.90798574337038,-41.59011780907164
1319,2020,148.3149225670765,-41.00890782024631
1406,2020,145.02439368134668,-41.51016774878501
1310,2020,145.75831726847235,-41.81739157595388
1187,2020,147.7992895939919,-41.56676161168454
918,2020,146.8039562591875,-42.684265825129216
1378,2020,146.56500439361167,-41.64132178026645
892,2020,145.04146167174497,-41.53082900031976
1024,2020,148.06698754865954,-41.66377966236945
1255,2020,145.68465541517455,-42.738164742176394
880,2020,146.1275248502455,-42.74175800331287
1630,2020,146.34222220315002,-41.46435366929491
1282,2020,144.93815541407122,-41.54250709901331
841,2020,145.33970234607267,-42.0024445244825
1078,2020,144.99385096168663,-41.51016774878501
2210,2020,147.64567768040746,-41.427522742646005
1666,2020,145.6487228038098,-41.164316364398985
1496,2020,146.14728778649612,-42.82619964002011
1003,2020,144.7674755100885,-41.30804680985811
1256,2020,146.14818610178023,-41.299961972301034
1574,2020,146.63686961634124,-42.556705054784246
1042,2020,145.29837984300315,-42.43094091500751
1905,2021,147.86666324030085,-41.1652146796831
2001,2021,146.8192276190175,-42.815419856610674
1788,2021,144.85371377736402,-41.29367376531221
2475,2021,146.73927755873086,-42.955557040933314
2349,2021,146.14459284064372,-41.35565751991645
1828,2021,146.1248299043931,-41.43111600378249
1956,2021,144.74771257383787,-41.30535186400576
1994,2021,146.10057539172192,-42.211751985682355
1749,2021,145.80323303267835,-41.44459073304428
1939,2021,144.7764586629297,-41.28828387360748
1867,2021,146.54074988094044,-42.3563807464256
1798,2021,146.3592901935483,-41.46974356099963
2356,2021,147.7615603520589,-41.47064187628375
2453,2021,144.9318672070824,-41.493099758386734
1824,2021,146.86594001379171,-41.9790883270954
2483,2021,145.27143038447957,-42.36446558398268
1746,2021,147.90708742808624,-41.570354872821014
1825,2021,144.83484915639747,-41.275707459629814
2231,2021,147.289046512612,-40.99722972155275
1933,2021,145.56697611295488,-40.965788686608576
2180,2021,145.15824265868054,-41.81110336896505
1759,2021,147.75886540620655,-41.25863946923154
2369,2021,145.2741253303319,-42.31236329750374
2411,2021,145.1294965695887,-41.5281340544674
2430,2021,146.98631426186375,-43.28973032662577
2419,2021,146.96655132561312,-43.30410337117169
1727,2021,146.51290210713273,-42.197378941136435
2429,2021,144.77556034764558,-41.28109735133452
1932,2021,145.2723286997637,-42.35368580057323
1775,2021,145.2319045119783,-42.33661781017497
1857,2021,146.3826463909354,-41.48321829026142
1665,2021,145.74035096279,-41.80301853140797
1862,2021,145.26873543862723,-42.313261612787855
2008,2021,146.55422461020223,-42.8998614933179
1848,2021,145.86701341785084,-41.53352394617211
1697,2021,146.8318040329952,-42.79925018149652
2417,2021,146.78419332293686,-42.77140240768881
3162,2021,145.75023243091528,-41.23977484826503
1892,2021,146.51200379184866,-42.191989049431726
1797,2021,145.29927815828728,-42.15066654636223
2469,2021,144.89323964986528,-41.51735427105797
2462,2021,145.25436239408128,-42.36446558398268
2030,2021,145.63794302040031,-41.538015522592715
1935,2021,146.5703942853164,-42.916929483716174
1725,2021,145.1483611905552,-41.80840842311268
2390,2021,146.70603989321847,-42.65012984433268
2115,2021,145.64333291210505,-41.20923212860497
2033,2021,147.68969512932932,-41.47423513742022
2042,2021,144.86718850662578,-41.28379229718689
1809,2021,144.93456215293477,-40.93255102109616
2305,2021,147.85229019575496,-42.11114067386097
1765,2021,148.11908983513848,-41.69162743617714
2500,2021,145.1528527669758,-41.805713477260326
1063,2021,147.21628297459836,-41.8775786999899
2012,2021,148.19185337315213,-41.01339939666691
1738,2021,145.16003928924874,-41.466150299863145
2049,2021,145.68824867631105,-42.74445294916522
1943,2021,145.2507691329448,-42.3195498197767
1754,2021,145.2354977731148,-42.346499278300286
2234,2021,144.86898513719404,-41.27660577491393
2017,2021,148.27988827099583,-42.114733934997446
2071,2021,144.90132448742236,-41.5236424780468
2027,2021,145.4016861006769,-40.90919482370904
2270,2021,144.9507318280489,-40.85888916779835
1696,2021,144.710881647189,-41.06639999842996
2228,2021,146.58117406872583,-42.63306185393441
2446,2021,144.95163014333303,-41.70330553487071
1713,2021,144.9552234044695,-41.710492057143654
3166,2021,144.85191714679576,-41.03855222462225
1884,2021,147.75886540620655,-41.11221407792006
2367,2021,145.21932809800063,-42.32224476562905
2135,2021,147.91157900450685,-41.929680986468824
2447,2021,144.72615300701904,-41.07178989013468
2156,2021,145.2678371233431,-42.35368580057323
2661,2021,145.66309584835568,-41.429319373214256
1740,2021,145.1088353180539,-41.80930673839681
2126,2021,145.18788706305645,-41.81739157595388
1719,2021,145.24537924124013,-42.3429060171638
2501,2021,146.90546588629297,-42.889980025192585
2246,2021,144.79711991446447,-41.29906365701691
1706,2021,145.29658321243494,-42.16414127562402
2232,2021,146.57219091588462,-42.91513285314794
2459,2021,144.86718850662578,-41.294572080596325
1410,2021,146.4185790023002,-42.10575078215625
2000,2021,147.54326973801784,-41.65479650952825
2259,2021,145.26244723163836,-42.32943128790201
2101,2021,146.93870355180542,-43.37417196333301
1811,2021,147.25311390124722,-41.16251973383075
1977,2021,145.98379440478635,-42.77319903825705
2072,2021,145.27592196090018,-42.344702647732035
2062,2021,147.19472340777946,-41.17060457138783
1770,2021,145.35227876005035,-41.88746016811521
2522,2021,147.68161029177224,-41.17240120195606
2496,2021,145.66848574006042,-42.738164742176394
2254,2021,145.64782448852566,-41.427522742646005
2454,2021,144.9677998184472,-41.02058591893987
1915,2021,144.85551040793223,-41.27031756792509
2260,2021,144.7701704559409,-41.27301251377746
1708,2021,147.66903387779456,-42.69774055439102
1893,2021,145.11153026390627,-41.80391684669209
2910,2022,145.38551642556274,-41.9934613716413
2591,2022,146.38803628264014,-43.26008592224983
3145,2022,147.22885938857598,-41.13646859059129
2858,2022,146.85605854566643,-43.50981757123506
2946,2022,147.64747431097572,-41.4365058954872
3956,2022,145.9083359209203,-42.63755343035501
2560,2022,147.28006335977085,-41.12389217661361
2576,2022,145.80952123966716,-42.86842045837372
2692,2022,146.45361329838084,-42.6052140801267
2559,2022,147.62591474415683,-42.68157087927686
2806,2022,146.82012593430164,-43.50442767953034
2594,2022,146.39881606604956,-43.27445896679575
3064,2022,147.98434254252055,-40.95680553376738
2681,2022,146.95936480334018,-43.09659254054009
2569,2022,147.2701818916455,-41.12928206831833
3935,2022,146.84527876225695,-43.513410832371534
3327,2022,147.82893399836786,-41.98447821880012
2604,2022,146.13560968780257,-41.42392948150953
2840,2022,147.21628297459836,-41.953037183855926
2716,2022,147.75347551450182,-41.46974356099963
2588,2022,145.4654664858494,-41.00980613553044
3190,2022,145.46007659414465,-41.01429771195103
3331,2022,147.18394362437004,-41.11940060019302
3240,2022,147.2611987388043,-41.12299386132949
2931,2022,148.12178478099082,-41.68354259862008
3182,2022,146.43295204684614,-41.4913031278185
2960,2022,145.73675770165346,-41.915307941922904
2580,2022,146.4293587857096,-41.55957508941158
3313,2022,146.54793640321344,-42.17132779789698
2250,2022,146.58566564514643,-42.90255643917027
3059,2022,147.18214699380178,-41.1185022849089
2821,2022,146.3952228049131,-41.53082900031976
2843,2022,147.78401823416186,-42.01771588431254
3045,2022,146.4419351996873,-43.32566293799056
2531,2022,146.371866607526,-43.269069075091025
2932,2022,146.81832930373338,-41.633236942709374
2745,2022,145.28580342902546,-40.9711785783133
2829,2022,147.52979500875605,-41.37542045616708
2867,2022,146.40959584945898,-43.48286811271147
3238,2022,145.7376560169376,-41.90003658209288
2959,2022,146.8596518068029,-43.50622431009859
2978,2022,146.8291090871428,-43.21606847332798
2650,2022,145.9065392903521,-42.63755343035501
3253,2022,147.80737443154896,-41.23169001070795
2634,2022,146.26406877343163,-41.43560758020308
3186,2022,145.40707599238164,-42.00873273147134
3243,2022,146.84168550112048,-42.81631817189479
3112,2022,144.66686419826715,-41.00980613553044
2857,2022,146.7635320714021,-41.62425378986819
3300,2022,146.3799514450831,-43.26098423753395
1983,2022,145.12680162373636,-40.9487206962103
3289,2022,147.8127643232537,-41.0726882054188
2663,2022,148.07776733206896,-41.19485908405906
2870,2022,145.282210167889,-41.71318700299602
2764,2022,146.84977033867756,-43.42986751094843
3063,2022,148.12447972684316,-41.68803417504067
2768,2022,144.67225408997183,-41.0035179285416
2842,2022,147.23694422613306,-41.13557027530716
3330,2022,147.2594021082361,-41.11221407792006
2685,2022,146.84527876225695,-41.64850830253941
2529,2022,146.90905914742945,-42.87381035007844
3293,2022,148.04542798184065,-41.1185022849089
2915,2022,145.68196046932218,-41.48860818196614
2763,2022,145.27053206919544,-41.728458362826046
2736,2022,146.64495445389832,-42.57826462160311
2547,2022,146.6934634792408,-42.64923152904856
2723,2022,146.8928894723153,-41.08795956524884
3140,2022,146.39073122849248,-42.908844646159096
2695,2022,146.8273124565746,-43.508020940666825
3157,2022,146.94499175879423,-43.35710397293474
3070,2022,147.87474807785793,-42.06083501795027
3119,2022,147.87025650143732,-42.06083501795027
2823,2022,146.15177936291673,-43.25918760696571
2571,2022,145.55439969897725,-40.92716112939144
2935,2022,147.56303267426847,-41.352962574064094
2554,2022,145.5570946448296,-40.93255102109616
2792,2022,145.61099356187674,-41.90542647379759
2860,2022,147.4300820122188,-41.36104741162117
2540,2022,145.9487601087057,-41.2981653417328
2901,2022,147.1489093282894,-41.91620625720704
2702,2022,147.63669452756625,-41.23169001070795
2090,2022,144.84832388565928,-40.84182117740008
2665,2022,147.55584615199552,-41.178689408944905
2881,2022,146.83719392469987,-43.515207462939784
2724,2022,146.4284604704255,-41.4454890483284
3285,2022,146.1697456685991,-42.153361492214586
2648,2022,146.08620234717597,-41.37901371730355
2893,2022,146.5569195560546,-41.30894512514223
2936,2022,146.4679863429268,-42.48753477790704
2600,2022,146.41768068701606,-43.288832011341654
3252,2022,147.16507900340355,-41.13826522115953
2836,2022,145.72058802653936,-41.191265822922574
3286,2022,145.1672258115217,-41.91890120305939
3066,2022,145.5400266544313,-40.91727966126612
2774,2022,145.21483652158005,-40.94961901149442
2544,2022,147.61603327603154,-41.43740421077132
2625,2022,146.75275228799268,-42.30966835165138
2756,2022,147.72832268654645,-42.07071648607558
2562,2022,144.85551040793223,-40.850804330241274
2636,2022,147.43637021920762,-41.260436099799776
3515,2023,145.52206034874894,-42.615095548252015
3937,2023,145.53733170857896,-42.58275619802371
3806,2023,146.1697456685991,-42.91782779900029
3512,2023,146.5102071612804,-42.47136510279289
3708,2023,145.9316921183074,-42.82799627058834
3575,2023,146.29281486252347,-41.31613164741519
3604,2023,146.96026311862423,-43.35440902708238
3671,2023,145.4654664858494,-42.61329891768378
3684,2023,145.4888226832365,-42.61329891768378
3751,2023,147.05368790817272,-42.720198436494
4147,2023,146.16255914632617,-43.211576896907374
3718,2023,145.82299596892898,-42.846860891554854
3561,2023,145.54541654613604,-42.55850168535248
3414,2023,145.94247190171683,-42.82799627058834
4060,2023,145.5400266544313,-42.55760337006837
4022,2023,145.49690752079357,-42.62318038580909
3866,2023,145.53912833914717,-41.18857087707022
3944,2023,147.72383111012584,-41.994359686925435
4093,2023,145.8292841759178,-42.86482719723725
4066,2023,145.4978058360777,-42.56568820762544
3755,2023,146.15806756990554,-41.30445354872164
3729,2023,147.71754290313703,-41.321521539119914
4143,2023,147.16148574226708,-41.13826522115953
3672,2023,145.84635216631608,-42.87201371951021
3665,2023,145.8481487968843,-42.86392888195313
3721,2023,145.86701341785084,-42.8765052959308
3911,2023,145.57056937409135,-42.56658652290956
3388,2023,145.31365120283317,-42.173124428465215
3619,2023,147.62860969000917,-41.22180854258264
3586,2023,145.79604651040535,-43.19989879821382
3482,2023,147.87025650143732,-41.95932539084477
4108,2023,146.80305794390335,-42.72828327405108
3486,2023,144.876171659467,-41.198452345195534
3455,2023,147.85408682632325,-42.05364849567732
3538,2023,148.17748032860624,-40.84451612325245
3849,2023,146.18142376729264,-41.29547039588044
4003,2023,146.8551602303823,-43.08671107241477
3916,2023,145.85803026500963,-42.87740361121491
3958,2023,145.83108080648606,-42.851352467975445
3481,2023,146.38623965207188,-42.90794633087498
3533,2023,145.04056335646084,-41.03226401763342
3408,2023,144.8078996978739,-41.0035179285416
3629,2023,145.94965842398983,-42.85584404439605
4033,2023,147.20729982175715,-41.16611299496723
4121,2023,145.96672641438806,-42.8675221430896
4053,2023,146.4679863429268,-42.533348857397144
4141,2023,147.70047491273874,-41.14096016701188
3745,2023,147.63489789699804,-41.222706857866754
3412,2023,144.92917226123006,-40.70527725421391
3503,2023,147.8217474760949,-41.280199036050405
3738,2023,146.11584675155194,-42.65821468188976
3430,2023,144.84562893980694,-40.833736339843
4135,2023,145.55529801426133,-42.57826462160311
3256,2023,146.17064398388322,-43.21427184275974
3398,2023,145.4744496386906,-40.96309374075622
4103,2023,146.36468008525304,-43.34273092838883
4116,2023,146.48505433332502,-43.02113405667404
3531,2023,145.2354977731148,-42.26654921801364
3633,2023,145.57056937409135,-42.56119663120485
4142,2023,147.67981366120404,-41.27121588320921
3358,2023,145.97031967552454,-43.01843911082169
3765,2023,145.24178598010366,-42.29170204596899
4024,2023,146.99619572998904,-42.57017978404605
3413,2023,145.51846708761246,-42.63126522336617
3977,2023,145.2354977731148,-42.2782273167072
3997,2023,145.29029500544607,-42.158751383919295
3574,2023,146.63507298577304,-42.37344873682386
3389,2023,145.94786179342157,-42.85764067496429
3485,2023,145.16093760453288,-41.04124717047462
4146,2023,146.04128658297003,-43.32476462270644
3731,2023,145.5382300238631,-41.789543802146184
2614,2023,145.8661151025667,-42.87201371951021
3592,2023,145.2274129355577,-42.274634055570715
3420,2023,145.793351564553,-41.43560758020308
3906,2023,145.60111209375145,-42.583654513307835
4451,2023,145.9298954877392,-42.827097955304225
4140,2023,146.81743098844925,-42.72648664348284
4067,2023,145.8786915165444,-41.27930072076629
3467,2023,147.71754290313703,-41.31613164741519
3698,2023,145.75562232262,-42.71570686007341
3566,2023,145.19597190061353,-41.466150299863145
3614,2023,147.77593339660478,-41.035857278769896
4164,2023,145.80862292438303,-41.43111600378249
3651,2023,145.507687304203,-42.603417449558464
3480,2023,146.05026973581118,-43.334646090831754
4156,2023,145.50319572778238,-42.610603971831424
3395,2023,145.51577214176007,-42.60880734126319
3697,2023,145.74574085449467,-41.45537051645371
3357,2023,146.4787661263362,-43.01754079553755
3405,2023,146.0143371244464,-43.31128989344465
4062,2023,146.8785164277694,-41.40236991469067
3797,2023,146.9872125771479,-41.36014909633704
3376,2023,145.5103822500554,-42.56478989234133
4092,2023,145.5166704570442,-42.55311179364777
3406,2023,144.936358783503,-40.696294101372715
3957,2023,145.7376560169376,-41.52903236975152
4127,2023,145.48522942210002,-42.62587533166145
3620,2023,147.7121530114323,-41.321521539119914
3572,2023,146.5191903141216,-43.028320578947
3522,2023,147.89001943768795,-43.039998677640554
4986,2024,145.21483652158005,-41.710492057143654
4637,2024,146.52008862940573,-42.36446558398268
4601,2024,145.21303989101182,-41.67366113049477
4543,2024,145.2274129355577,-41.710492057143654
4255,2024,147.57920234938263,-42.54772190194305
4723,2024,147.05099296232032,-41.15443489627367
4937,2024,147.16597731868762,-42.24498965119477
4962,2024,144.9103076402635,-40.895720094447256
4819,2024,146.9000759945883,-41.42842105793012
4395,2024,146.63507298577304,-42.2647525874454
4632,2024,147.66184735552162,-40.84092286211596
4398,2024,148.13705614082085,-41.18677424650198
4403,2024,145.79514819512127,-41.371827195030605
4268,2024,145.55170475312485,-41.2891821888916
4323,2024,147.32318249340858,-41.13826522115953
4582,2024,148.23317587622165,-41.15623152684192
4630,2024,144.94983351276477,-41.47064187628375
4371,2024,147.24143580255367,-41.17329951724018
4252,2024,148.18287022031092,-40.83912623154772
4074,2024,146.11135517513134,-42.628570277513816
4733,2024,146.04398152882237,-43.404714682993074
4245,2024,146.55063134906578,-42.35099085472088
4603,2024,148.04093640542004,-41.42572611207777
4236,2024,146.4140874258796,-42.854047413827814
4843,2024,146.86773664435998,-42.12820866425923
4530,2024,145.38821137141514,-41.90632478908172
4874,2024,145.08637743595096,-41.786848856293815
4511,2024,146.39791775076543,-42.10934404329272
4776,2024,145.22202304385303,-41.7077971112913
4197,2024,145.37473664215332,-41.875782069421646
4427,2024,147.65016925682806,-40.83553297041125
4237,2024,147.65016925682806,-40.86787232063955
4560,2024,146.09518550001718,-41.33230132252935
4689,2024,146.6081235272494,-42.2413963900583
4864,2024,148.2421590290628,-41.16251973383075
4433,2024,145.92181065018212,-42.720198436494
4312,2024,144.93815541407122,-41.4823199749773
4778,2024,147.64567768040746,-40.86877063592367
4435,2024,145.35856696703917,-41.89913826680876
4735,2024,145.92899717245507,-42.706723707232214
4797,2024,144.85820535378457,-41.47872671384083
4557,2024,146.50302063900745,-42.97531997718394
4314,2024,146.62159825651122,-42.23690481363769
4260,2024,148.09483532246725,-41.12928206831833
4475,2024,147.36001342005744,-43.24211961656745
3359,2024,145.9442685322851,-42.819911433031265
4789,2024,148.06968249451188,-41.806611792544444
4516,2024,147.64028778870278,-40.86607569007131
4540,2024,146.63776793162538,-42.26744753329777
4844,2024,146.4509183525285,-42.61779049410437
4998,2024,144.9228840542412,-41.48142165969318
4284,2024,145.25166744822894,-41.69971227373422
4380,2024,147.8909177529721,-43.03820204707232
4583,2024,147.04380644004738,-42.49292466961177
4196,2024,146.5784791228735,-42.43094091500751
4588,2024,146.514698737701,-42.28451552369603
4397,2024,145.67118068591276,-41.46525198457903
4633,2024,144.8258660035563,-41.005314559109834
4218,2024,147.19202846192712,-41.415844643952454
4298,2024,147.82354410666312,-41.52184584747856
4262,2024,146.61171678838588,-42.22612503022826
4488,2024,146.33503568087707,-43.34542587424119
4605,2024,147.7121530114323,-41.125688807181845
4455,2024,147.747187307513,-41.98986811050483
4387,2024,146.5209869446898,-42.289007100116635
4547,2024,146.54524145736104,-42.22163345380767
4616,2024,147.88193460013088,-41.20114729104789
4533,2024,147.93852846303042,-41.91890120305939
4437,2024,145.20495505345474,-41.70330553487071
4852,2024,147.14801101300526,-42.486636462622926
4247,2024,145.72687623352817,-41.75720445191787
4610,2024,146.91534735441832,-42.85764067496429
4227,2024,147.26209705408843,-42.99957448985518
4999,2024,144.78544181577092,-40.99722972155275
4930,2024,145.21483652158005,-41.690729120893025
4212,2024,145.60560367017206,-41.45087894003312
4732,2024,147.06446769158214,-41.25324957752683
4374,2024,145.21753146743242,-41.709593741859535
3694,2024,148.06788586394362,-41.80032358555562
4497,2024,147.4911674515389,-41.449980624749
4490,2024,147.44265842619643,-41.13197701417069
4385,2024,145.70352003614107,-41.06101010672525
4464,2024,146.77521017009565,-41.25145294695858
4808,2024,145.36755011988038,-41.90183321266112
4567,2024,145.09536058879218,-40.97567015473389
4358,2024,146.57308923116875,-42.24588796647889
4279,2024,145.24178598010366,-41.71318700299602
4956,2024,145.38102484914214,-41.917104572491155
4506,2024,146.52458020582628,-42.28990541540075
4940,2024,147.83701883592494,-41.531727315603874
4310,2024,146.60542858139706,-42.250379542899495
4870,2024,147.67262713893103,-41.11670565434065
4214,2024,147.89900259052916,-42.173124428465215
4687,2024,145.1932769547612,-41.71318700299602
4906,2024,147.69059344461346,-42.02130914544901
4238,2024,145.72867286409644,-41.42482779679365
4498,2024,146.59914037440825,-42.2413963900583
4341,2024,145.36665180459624,-41.934172562889415
4913,2024,148.2448539749152,-41.18138435479726
4812,2024,146.6979550556614,-41.184079300649614
